{
    "mean_metrics": {
        "cai": {
            "base": 0.7394387189756063,
            "constrained_gc": 0.6811000106882994,
            "fine_tuned": 0.8363273998930835,
            "naive_hfc": 1.0
        },
        "tai": {
            "base": 0.2554038946305578,
            "constrained_gc": 0.2528953814331696,
            "fine_tuned": 0.2683048963204997,
            "naive_hfc": 0.2842507382113359
        },
        "dtw_distance": {
            "base": 37120.368801017205,
            "constrained_gc": 67314.00931595187,
            "fine_tuned": 29490.50748058925,
            "naive_hfc": 346041.6736618579
        },
        "gc_content": {
            "base": 64.06016523933832,
            "constrained_gc": 55.5811642418326,
            "fine_tuned": 69.38000233865515,
            "naive_hfc": 83.98123298709645
        },
        "restriction_sites": {
            "base": 0.0,
            "constrained_gc": 0.0,
            "fine_tuned": 0.0,
            "naive_hfc": 0.0
        },
        "neg_cis_elements": {
            "base": 0.0,
            "constrained_gc": 0.0,
            "fine_tuned": 0.0,
            "naive_hfc": 0.0
        },
        "homopolymer_runs": {
            "base": 0.0,
            "constrained_gc": 0.0,
            "fine_tuned": 0.0,
            "naive_hfc": 0.0
        },
        "enc": {
            "base": 44.608179675515395,
            "constrained_gc": 42.70711094018716,
            "fine_tuned": 42.312371559764244,
            "naive_hfc": 33.239283598746795
        },
        "cpb": {
            "base": -0.18241640686183838,
            "constrained_gc": -0.25587395936753765,
            "fine_tuned": -0.28381914289707405,
            "naive_hfc": -0.2934121633282833
        },
        "scuo": {
            "base": 0.23501259711297803,
            "constrained_gc": 0.538170194252132,
            "fine_tuned": 0.3622839654699587,
            "naive_hfc": 1.0
        }
    },
    "statistical_tests": {
        "cai": {
            "fine_tuned_vs_base": 3.896559845095909e-18,
            "fine_tuned_vs_naive_hfc": "skipped (zero variance)",
            "base_vs_naive_hfc": "skipped (zero variance)"
        },
        "tai": {
            "fine_tuned_vs_base": 4.450203031571543e-13,
            "fine_tuned_vs_naive_hfc": 1.8478899002670448e-17,
            "base_vs_naive_hfc": 4.670683307897806e-18
        },
        "dtw_distance": {
            "fine_tuned_vs_base": 9.853585498721036e-08,
            "fine_tuned_vs_naive_hfc": 3.896559845095909e-18,
            "base_vs_naive_hfc": 3.896559845095909e-18
        },
        "gc_content": {
            "fine_tuned_vs_base": 3.896559845095909e-18,
            "fine_tuned_vs_naive_hfc": 3.896559845095909e-18,
            "base_vs_naive_hfc": 3.896559845095909e-18
        },
        "restriction_sites": {
            "fine_tuned_vs_base": "skipped (zero variance)",
            "fine_tuned_vs_naive_hfc": "skipped (zero variance)",
            "base_vs_naive_hfc": "skipped (zero variance)"
        },
        "neg_cis_elements": {
            "fine_tuned_vs_base": "skipped (zero variance)",
            "fine_tuned_vs_naive_hfc": "skipped (zero variance)",
            "base_vs_naive_hfc": "skipped (zero variance)"
        },
        "homopolymer_runs": {
            "fine_tuned_vs_base": "skipped (zero variance)",
            "fine_tuned_vs_naive_hfc": "skipped (zero variance)",
            "base_vs_naive_hfc": "skipped (zero variance)"
        },
        "enc": {
            "fine_tuned_vs_base": 7.365085129144919e-10,
            "fine_tuned_vs_naive_hfc": 3.896559845095909e-18,
            "base_vs_naive_hfc": 3.896559845095909e-18
        },
        "cpb": {
            "fine_tuned_vs_base": 1.3732250242604873e-17,
            "fine_tuned_vs_naive_hfc": 0.015940905907188684,
            "base_vs_naive_hfc": 5.269204481546392e-18
        },
        "scuo": {
            "fine_tuned_vs_base": 9.071993454725491e-16,
            "fine_tuned_vs_naive_hfc": "skipped (zero variance)",
            "base_vs_naive_hfc": "skipped (zero variance)"
        }
    },
    "new_metrics_available": {
        "enc": true,
        "cpb": true,
        "scuo": true
    }
}