{
    "mean_metrics": {
        "cai": {
            "base": 0.7394387189756063,
            "fine_tuned": 0.8365829774862279,
            "naive_hfc": 1.0
        },
        "tai": {
            "base": 0.2554038946305578,
            "fine_tuned": 0.2683406339702234,
            "naive_hfc": 0.2842507382113359
        },
        "dtw_distance": {
            "base": 37120.368801017205,
            "fine_tuned": 30213.095183987672,
            "naive_hfc": 346041.6736618579
        },
        "gc_content": {
            "base": 64.06016523933832,
            "fine_tuned": 69.33147160900576,
            "naive_hfc": 83.98123298709645
        },
        "restriction_sites": {
            "base": 0.0,
            "fine_tuned": 0.0,
            "naive_hfc": 0.0
        },
        "neg_cis_elements": {
            "base": 0.0,
            "fine_tuned": 0.0,
            "naive_hfc": 0.0
        },
        "homopolymer_runs": {
            "base": 0.0,
            "fine_tuned": 0.0,
            "naive_hfc": 0.0
        },
        "enc": {
            "base": 44.608179675515395,
            "fine_tuned": 42.25382246528567,
            "naive_hfc": 33.239283598746795
        },
        "cpb": {
            "base": -0.18241640686183838,
            "fine_tuned": -0.27872232850338713,
            "naive_hfc": -0.2934121633282833
        },
        "scuo": {
            "base": 0.23501259711297803,
            "fine_tuned": 0.3662284833611445,
            "naive_hfc": 1.0
        }
    },
    "statistical_tests": {
        "cai": {
            "fine_tuned_vs_base": 3.896559845095909e-18,
            "fine_tuned_vs_naive_hfc": "skipped (zero variance)",
            "base_vs_naive_hfc": "skipped (zero variance)"
        },
        "tai": {
            "fine_tuned_vs_base": 2.8141706530704256e-13,
            "fine_tuned_vs_naive_hfc": 1.2938800168252932e-17,
            "base_vs_naive_hfc": 4.670683307897806e-18
        },
        "dtw_distance": {
            "fine_tuned_vs_base": 2.513066861915294e-06,
            "fine_tuned_vs_naive_hfc": 3.896559845095909e-18,
            "base_vs_naive_hfc": 3.896559845095909e-18
        },
        "gc_content": {
            "fine_tuned_vs_base": 4.0161556854627e-18,
            "fine_tuned_vs_naive_hfc": 3.896559845095909e-18,
            "base_vs_naive_hfc": 3.896559845095909e-18
        },
        "restriction_sites": {
            "fine_tuned_vs_base": "skipped (zero variance)",
            "fine_tuned_vs_naive_hfc": "skipped (zero variance)",
            "base_vs_naive_hfc": "skipped (zero variance)"
        },
        "neg_cis_elements": {
            "fine_tuned_vs_base": "skipped (zero variance)",
            "fine_tuned_vs_naive_hfc": "skipped (zero variance)",
            "base_vs_naive_hfc": "skipped (zero variance)"
        },
        "homopolymer_runs": {
            "fine_tuned_vs_base": "skipped (zero variance)",
            "fine_tuned_vs_naive_hfc": "skipped (zero variance)",
            "base_vs_naive_hfc": "skipped (zero variance)"
        },
        "enc": {
            "fine_tuned_vs_base": 2.680683329613168e-10,
            "fine_tuned_vs_naive_hfc": 3.896559845095909e-18,
            "base_vs_naive_hfc": 3.896559845095909e-18
        },
        "cpb": {
            "fine_tuned_vs_base": 1.960659347540535e-17,
            "fine_tuned_vs_naive_hfc": 0.0009880230101954864,
            "base_vs_naive_hfc": 5.269204481546392e-18
        },
        "scuo": {
            "fine_tuned_vs_base": 8.339250355331123e-16,
            "fine_tuned_vs_naive_hfc": "skipped (zero variance)",
            "base_vs_naive_hfc": "skipped (zero variance)"
        }
    },
    "new_metrics_available": {
        "enc": true,
        "cpb": true,
        "scuo": true
    }
}